word,category
ABIDE,P
ABILITY,P
ABLE,P
ABOUND,P
ABSOLVE,P
ABSORBENT,P
ABSORPTION,P
ABUNDANCE,P
ABUNDANT,P
ACCEDE,P
ACCENTUATE,P
ACCEPT,P
ACCEPTABLE,P
ACCEPTANCE,P
ACCESSIBLE,P
ACCESSION,P
ACCLAIM,P
ACCLAMATION,P
ACCOLADE,P
ACCOMMODATE,P
ACCOMMODATION,P
ACCOMPANIMENT,P
ACCOMPLISH,P
ACCOMPLISHMENT,P
ACCORD,P
ACCORDANCE,P
ACCOUNTABLE,P
ACCRUE,P
ACCURACY,P
ACCURATE,P
ACCURATENESS,P
ACHIEVE,P
ACHIEVEMENT,P
ACKNOWLEDGEMENT,P
ACQUAINT,P
ACQUAINTANCE,P
ACQUIT,P
ACQUITTAL,P
ACTUAL,P
ACTUALITY,P
ADAMANT,P
ADAPTABILITY,P
ADAPTABLE,P
ADAPTATION,P
ADAPTIVE,P
ADEPT,P
ADEPTNESS,P
ADEQUATE,P
ADHERENCE,P
ADHERENT,P
ADHESION,P
ADHESIVE,P
ADJUNCT,P
ADJUST,P
ADJUSTABLE,P
ADJUSTMENT,P
ADMIRABLE,P
ADMIRATION,P
ADMIRE,P
ADMIRER,P
ADMIT,P
ADMITTANCE,P
ADORABLE,P
ADORE,P
ADORN,P
ADORNMENT,P
ADROIT,P
ADROITLY,P
ADULATION,P
ADULT,P
ADVANCE,P
ADVANCEMENT,P
ADVANTAGE,P
ADVANTAGEOUS,P
ADVENT,P
ADVENTURESOME,P
ADVENTUROUS,P
ADVISABLE,P
ADVOCACY,P
AFFABILITY,P
AFFABLE,P
AFFECTION,P
AFFECTIONATE,P
AFFILIATE,P
AFFILIATION,P
AFFINITY,P
AFFIRM,P
AFFIRMATION,P
AFFIRMATIVE,P
AFFIX,P
AFFLUENCE,P
AFFLUENT,P
AFLOAT,P
AGGREGATE,P
AGGREGATION,P
AGILE,P
AGILITY,P
AGREEABLE,P
AGREEMENT,P
AID,P
ALERTNESS,P
ALIGHT,P
ALIVE,P
ALLEGIANCE,P
ALLEVIATE,P
ALLIANCE,P
ALLIED,P
ALLIES,P
ALLOW,P
ALLOWABLE,P
ALLOWANCE,P
ALLURE,P
ALLY,P
ALMIGHTY,P
ALTRUISTIC,P
AMAZEMENT,P
AMAZING,P
AMELIORATE,P
AMENABLE,P
AMENITY,P
AMIABILITY,P
AMIABLE,P
AMICABLE,P
AMNESTY,P
AMOUR,P
AMPLE,P
AMPLIFY,P
AMPLY,P
AMUSE,P
AMUSEMENT,P
ANGEL,P
ANGELIC,P
ANOINT,P
APOCALYPSE,P
APPEAL,P
APPEASE,P
APPEND,P
APPLAUD,P
APPLAUSE,P
APPOINT,P
APPRECIABLE,P
APPRECIATE,P
APPRECIATION,P
APPRECIATIVE,P
APPREHEND,P
APPROACH,P
APPROPRIATE,P
APPROVAL,P
APPROVE,P
APT,P
APTITUDE,P
ARBITER,P
ARBITRATE,P
ARBITRATION,P
ARDENT,P
ARISEN,P
ARISTOCRACY,P
ARISTOCRAT,P
ARISTOCRATIC,P
ARREST,P
ART,P
ASCRIBE,P
ASPIRATION,P
ASPIRE,P
ASSENT,P
ASSERTION,P
ASSET,P
ASSIST,P
ASSISTANCE,P
ASSISTANT,P
ASSOCIATE,P
ASSOCIATION,P
ASSURANCE,P
ASSURE,P
ASSUREDLY,P
ASTOUND,P
ASTUTE,P
ATHLETIC,P
ATTACHMENT,P
ATTAIN,P
ATTAINMENT,P
ATTEND,P
ATTENDANCE,P
ATTENTIVE,P
ATTRACT,P
ATTRACTION,P
ATTRACTIVE,P
ATTRACTIVENESS,P
ATTUNE,P
AUDIBLE,P
AUGMENT,P
AUGMENTATION,P
AUSPICIOUS,P
AUTHENTIC,P
AUTHENTICITY,P
AUTHORITATIVE,P
AUTHORITY,P
AUTONOMOUS,P
AVAILABILITY,P
AVID,P
AWARD,P
AWARE,P
AWARENESS,P
BACK,P
BACKBONE,P
BACKER,P
BACKING,P
BALL,P
BALMY,P
BAPTISM,P
BAPTIZE,P
BARGAIN,P
BASIC,P
BEACON,P
BEAUTEOUS,P
BEAUTIFY,P
BEAUTY,P
BEFIT,P
BEFITTING,P
BEFRIEND,P
BEHALF,P
BELOVED,P
BENEFACTOR,P
BENEFICENT,P
BENEFICIAL,P
BENEFICIARY,P
BENEFIT,P
BENEVOLENCE,P
BENEVOLENT,P
BENIGN,P
BEQUEATH,P
BEST,P
BESTOW,P
BETROTH,P
BETROTHAL,P
BETTER,P
BLAMELESS,P
BLESS,P
BLISS,P
BLISSFUL,P
BLITHE,P
BLOOM,P
BLOSSOM,P
BOARD,P
BOLDNESS,P
BOLSTER,P
BONNY,P
BONUS,P
BOOM,P
BOOST,P
BOUNDLESS,P
BOUNTIFUL,P
BRAINY,P
BRAVE,P
BRAVERY,P
BREADWINNER,P
BRIGHT,P
BRIGHTNESS,P
BRILLIANCE,P
BRILLIANT,P
BROTHERHOOD,P
BROTHERLY,P
BUOYANT,P
BUY,P
CALL,P
CALM,P
CALMNESS,P
CANDID,P
CANDOR,P
CAPABILITY,P
CAPABLE,P
CAPITALIZE,P
CAPTIVATION,P
CARE,P
CAREFREE,P
CAREFUL,P
CARESS,P
CASUAL,P
CEASELESS,P
CELEBRATE,P
CELEBRATION,P
CELEBRITY,P
CEREMONIAL,P
CHAMP,P
CHAMPION,P
CHAMPIONSHIP,P
CHARISMA,P
CHARITABLE,P
CHARITY,P
CHARM,P
CHASTE,P
CHEER,P
CHEERFUL,P
CHEERY,P
CHERISH,P
CHERUB,P
CHIC,P
CHIVALROUS,P
CHIVALRY,P
CHOSEN,P
CHUM,P
CIVIL,P
CIVILITY,P
CIVILIZATION,P
CIVILIZE,P
CLARIFY,P
CLARITY,P
CLASSIC,P
CLEAN,P
CLEANLINESS,P
CLEANSE,P
CLEAR,P
CLEARNESS,P
CLEVER,P
CLOSENESS,P
CLOUT,P
CO-OPERATION,P
COAX,P
CODDLE,P
COEXISTENCE,P
COGENT,P
COGNIZANCE,P
COGNIZANT,P
COHERENT,P
COHESION,P
COHORT,P
COINCIDENT,P
COLLABORATE,P
COLLABORATION,P
COLLEAGUE,P
COLOSSAL,P
COMEBACK,P
COMEDY,P
COMELY,P
COMESTIBLE,P
COMFORT,P
COMFORTABLE,P
COMIC,P
COMICAL,P
COMMEMORATE,P
COMMEMORATION,P
COMMENCEMENT,P
COMMEND,P
COMMENDABLE,P
COMMENDATION,P
COMMENSURATE,P
COMMISSION,P
COMMITMENT,P
COMMODIOUS,P
COMMON,P
COMMONSENSE,P
COMMUNAL,P
COMMUNE,P
COMMUNICATE,P
COMMUNICATIVE,P
COMMUNION,P
COMMUNITY,P
COMPANION,P
COMPANIONSHIP,P
COMPANY,P
COMPASSION,P
COMPASSIONATE,P
COMPATIBLE,P
COMPENSATE,P
COMPENSATION,P
COMPETENCE,P
COMPETENCY,P
COMPETENT,P
COMPLEMENT,P
COMPLEMENTARY,P
COMPLETE,P
COMPLETENESS,P
COMPLETION,P
COMPLIANCE,P
COMPLIMENT,P
COMPOSURE,P
COMPREHEND,P
COMPREHENSION,P
COMPREHENSIVE,P
COMPROMISE,P
CONCESSION,P
CONCLUSIVE,P
CONCUR,P
CONDONE,P
CONDUCIVE,P
CONFEDERATION,P
CONFER,P
CONFIDANT,P
CONFIDE,P
CONFIDENCE,P
CONFIDENT,P
CONGENIAL,P
CONGRATULATE,P
CONGRATULATION,P
CONGRATULATORY,P
CONGREGATE,P
CONJUNCTION,P
CONJURE,P
CONNECT,P
CONQUER,P
CONQUEROR,P
CONQUEST,P
CONSCIENCE,P
CONSCIENTIOUS,P
CONSENSUS,P
CONSENT,P
CONSERVE,P
CONSIDER,P
CONSIDERATE,P
CONSIDERATION,P
CONSIGN,P
CONSISTENCY,P
CONSISTENT,P
CONSOLE,P
CONSOLIDATE,P
CONSTANCY,P
CONSTRUCTIVE,P
CONSULT,P
CONSULTATION,P
CONSUMMATE,P
CONTACT,P
CONTENT,P
CONTENTMENT,P
CONTINUITY,P
CONTRIBUTE,P
CONTRIBUTION,P
CONTRIBUTOR,P
CONVENE,P
CONVICTION,P
CONVINCE,P
COOPERATE,P
COOPERATION,P
COOPERATIVE,P
COORDINATE,P
COORDINATION,P
CORDIAL,P
CORRECT,P
CORRECTION,P
COUNCIL,P
COUNSEL,P
COURAGE,P
COURAGEOUS,P
COURTEOUS,P
COURTESY,P
COURTLY,P
COVENANT,P
COZY,P
CREATE,P
CREATIVE,P
CREATIVITY,P
CREDENTIALS,P
CREDIBILITY,P
CREDIBLE,P
CREDIT,P
CRUSADE,P
CRUSADER,P
CUDDLE,P
CULMINATE,P
CULMINATION,P
CULTIVATE,P
CULTIVATION,P
CULTURE,P
CUPID,P
CURE,P
CURTSEY,P
CUTE,P
DANCE,P
DARE,P
DARING,P
DARLING,P
DAUNTLESS,P
DAWN,P
DAZZLE,P
DEAL,P
DEAR,P
DECENCY,P
DECENT,P
DECIPHER,P
DECORATE,P
DECORATION,P
DECORATIVE,P
DEDICATE,P
DEDICATION,P
DEDUCE,P
DEFEND,P
DEFENDER,P
DEFENSE,P
DEFERENCE,P
DEFINITIVE,P
DELICACY,P
DELICATE,P
DELIGHT,P
DELIGHTFUL,P
DEPENDABILITY,P
DEPENDABLE,P
DESCRY,P
DESERVE,P
DESERVEDLY,P
DESIRABLE,P
DESIROUS,P
DEVOTE,P
DEVOTION,P
DEVOUT,P
DEXTERITY,P
DIG,P
DIGNIFIED,P
DIGNIFY,P
DIGNITY,P
DILIGENT,P
DISCERN,P
DISCREET,P
DISCRETION,P
DISCUSS,P
DISTINCT,P
DISTINCTION,P
DISTINCTIVE,P
DISTINGUISH,P
DISTINGUISHED,P
DIVINE,P
DIVINITY,P
DOMINANCE,P
DONATE,P
DONATION,P
DOTE,P
DOUBTLESS,P
DREAMLAND,P
DURABILITY,P
DURABLE,P
DYNAMIC,P
EAGER,P
EAGERNESS,P
EARNEST,P
EARNESTNESS,P
EASE,P
EASY,P
ECONOMIZE,P
ECSTASY,P
ECSTATIC,P
EDIBLE,P
EDUCATED,P
EDUCATION,P
EDUCATIONAL,P
EFFECTIVE,P
EFFECTIVENESS,P
EFFICACY,P
EFFICIENCY,P
EFFICIENT,P
ELABORATE,P
ELABORATION,P
ELATE,P
ELEGANCE,P
ELEGANT,P
ELOQUENT,P
EMBELLISH,P
EMBRACE,P
EMINENCE,P
EMINENT,P
EMPATHY,P
EMPOWER,P
EMPOWERMENT,P
ENABLE,P
ENCHANT,P
ENCHANTMENT,P
ENCOURAGE,P
ENCOURAGEMENT,P
ENDEAR,P
ENDORSE,P
ENDOW,P
ENDURANCE,P
ENERGETIC,P
ENERGIZE,P
ENGAGE,P
ENHANCE,P
ENHANCEMENT,P
ENJOY,P
ENJOYABLE,P
ENJOYMENT,P
ENLIGHTEN,P
ENLIGHTENMENT,P
ENRICH,P
ENRICHMENT,P
ENSEMBLE,P
ENSURE,P
ENTERTAIN,P
ENTERTAINMENT,P
ENTHUSIASM,P
ENTHUSIASTIC,P
ENTREPRENEURIAL,P
ENTRUST,P
ENVISION,P
EQUALITY,P
EQUITABLE,P
EQUITY,P
ESSENTIAL,P
ESTABLISH,P
ESTEEM,P
ETHICAL,P
ETHICS,P
ETIQUETTE,P
EVEN,P
EVERLASTING,P
EXACT,P
EXALT,P
EXCEL,P
EXCELLENCE,P
EXCELLENT,P
EXCITE,P
EXCITED,P
EXCITEDNESS,P
EXCITEMENT,P
EXERTION,P
EXHILARATION,P
EXOTIC,P
EXPERIENCE,P
EXPERT,P
EXQUISITE,P
EXTOL,P
EXTRAORDINARY,P
EXTRAVAGANCE,P
EXUBERANCE,P
EXUBERANT,P
EXULT,P
EXULTATION,P
EYE,P
FABULOUS,P
FACILITATE,P
FACTUAL,P
FAIR,P
FAIRNESS,P
FAITH,P
FAITHFUL,P
FAITHFULNESS,P
FAME,P
FAMILIAR,P
FAMILIARITY,P
FAMILIARIZE,P
FAMOUS,P
FANCY,P
FANTASTIC,P
FANTASY,P
FARSIGHTED,P
FASCINATION,P
FASHIONABLE,P
FAVOR,P
FAVORABLE,P
FAVORITE,P
FEARLESS,P
FEASIBLE,P
FEAST,P
FELLOW,P
FELLOWSHIP,P
FERTILE,P
FERVENT,P
FERVOR,P
FESTIVAL,P
FESTIVE,P
FESTIVITY,P
FIDELITY,P
FIERY,P
FILIAL,P
FILL,P
FINE,P
FIRMNESS,P
FIT,P
FITNESS,P
FLAIR,P
FLASHY,P
FLATTER,P
FLATTERY,P
FLAUNT,P
FLAWLESS,P
FLEXIBLE,P
FLIRT,P
FLOURISH,P
FLUENT,P
FOND,P
FONDNESS,P
FOREMOST,P
FORESIGHT,P
FORGAVE,P
FORGIVE,P
FORGIVEN,P
FORGIVENESS,P
FORMALITY,P
FORTIFY,P
FORTITUDE,P
FORTUNATE,P
FORWARD,P
FOSTER,P
FRAGRANT,P
FRANK,P
FREE,P
FREEDOM,P
FRESH,P
FRIEND,P
FRIENDLY,P
FRIENDSHIP,P
FROLIC,P
FRUGAL,P
FRUITFUL,P
FRUITION,P
FULFILL,P
FULFILLMENT,P
FULLNESS,P
FUN,P
FUNNY,P
GAIETY,P
GAILY,P
GAIN,P
GALLANT,P
GALLANTRY,P
GAME,P
GARNISH,P
GAY,P
GENERATE,P
GENEROSITY,P
GENEROUS,P
GENIAL,P
GENIUS,P
GENTLE,P
GENUINE,P
GIDDY,P
GIFT,P
GIFTED,P
GIVE,P
GLAD,P
GLADDEN,P
GLADNESS,P
GLAMOROUS,P
GLAMOUR,P
GLEAM,P
GLEAN,P
GLEE,P
GLIMMER,P
GLISTEN,P
GLITTER,P
GLORIFY,P
GLORIOUS,P
GLORY,P
GLOSSY,P
GLOW,P
GODLIKE,P
GODLINESS,P
GOLD,P
GOLDEN,P
GOOD,P
GOODBYE,P
GOODNESS,P
GORGEOUS,P
GRACE,P
GRACEFUL,P
GRACIOUS,P
GRADUATION,P
GRAND,P
GRANDEUR,P
GRATEFUL,P
GRATIFICATION,P
GRATIFY,P
GRATITUDE,P
GREAT,P
GREATNESS,P
GREET,P
GROOM,P
GUARANTEE,P
GUARDIAN,P
GUIDE,P
GUSTO,P
HALLOWED,P
HAND,P
HANDSOME,P
HANDY,P
HAPPINESS,P
HAPPY,P
HARDY,P
HARMLESS,P
HARMONIOUS,P
HARMONIZE,P
HARMONY,P
HARNESS,P
HAVEN,P
HEAL,P
HEALTH,P
HEALTHFUL,P
HEALTHY,P
HEART,P
HEARTILY,P
HEAVEN,P
HEAVENLY,P
HELP,P
HELPFUL,P
HERO,P
HEROIC,P
HEROINE,P
HEROISM,P
HIGHLIGHT,P
HILARIOUS,P
HIT,P
HOLY,P
HOMAGE,P
HOME,P
HONEST,P
HONEYMOON,P
HONOR,P
HONORABLE,P
HOPE,P
HOPEFUL,P
HOSPITABLE,P
HUG,P
HUMAN,P
HUMANITARIAN,P
HUMANITY,P
HUMBLE,P
HUMILITY,P
HUMOR,P
HUMOROUS,P
HYGIENE,P
IDEAL,P
IDEALISM,P
IDOL,P
IDOLIZE,P
ILLUMINATE,P
ILLUSTRIOUS,P
IMAGINATION,P
IMAGINATIVE,P
IMMACULATE,P
IMMORTAL,P
IMPARTIAL,P
IMPARTIALITY,P
IMPERATIVE,P
IMPERVIOUS,P
IMPETUS,P
IMPORTANCE,P
IMPORTANT,P
IMPRESS,P
IMPRESSIVE,P
IMPROVE,P
IMPROVEMENT,P
IMPUNITY,P
INAUGURATE,P
INAUGURATION,P
INDEPENDENCE,P
INDEPENDENT,P
INDESCRIBABLE,P
INDICATIVE,P
INDISPENSABILITY,P
INDISPENSABLE,P
INDIVIDUALITY,P
INDOMITABLE,P
INDULGENCE,P
INDUSTRIOUS,P
INEXPENSIVE,P
INFALLIBILITY,P
INFALLIBLE,P
INFER,P
INFERENCE,P
INFORM,P
INGENIOUS,P
INGENUITY,P
INHERIT,P
INNOCENCE,P
INNOCENT,P
INNOVATE,P
INNOVATIVE,P
INQUISITIVE,P
INSEPARABLE,P
INSIGHT,P
INSISTENT,P
INSPIRATION,P
INSPIRATIONAL,P
INSPIRE,P
INSTINCTIVE,P
INTEGRITY,P
INTELLECT,P
INTELLECTUAL,P
INTELLIGENCE,P
INTELLIGENT,P
INTELLIGIBLE,P
INTERCEDE,P
INTERCOURSE,P
INTEREST,P
INTERESTED,P
INTERPOSE,P
INTIMACY,P
INTIMATE,P
INTRICATE,P
INTRIGUE,P
INVALUABLE,P
INVENTOR,P
INVINCIBLE,P
INVITATION,P
INVITE,P
INVULNERABLE,P
IRRESISTIBLE,P
JEST,P
JOIN,P
JOINTLY,P
JOKE,P
JOLLY,P
JOY,P
JOYFUL,P
JUBILANT,P
JUBILEE,P
JUST,P
JUSTICE,P
JUSTIFIABLY,P
JUSTIFICATION,P
JUSTIFY,P
KEEN,P
KID,P
KIND,P
KINDNESS,P
KISS,P
KNOW,P
KNOWLEDGE,P
LAUDABLE,P
LAUGH,P
LAUGHTER,P
LAVISH,P
LAW,P
LAWFUL,P
LEAD,P
LEARN,P
LEARNER,P
LEGAL,P
LEGITIMACY,P
LEGITIMATE,P
LEISURE,P
LIBERAL,P
LIBERALISM,P
LIBERATE,P
LIBERTY,P
LIFELONG,P
LIGHT,P
LIKABLE,P
LIKE,P
LIVE,P
LIVELY,P
LOGIC,P
LOGICAL,P
LONGEVITY,P
LOVE,P
LOVELINESS,P
LOVELY,P
LOVER,P
LOYAL,P
LOYALTY,P
LUCID,P
LUCK,P
LUCKILY,P
LUCKY,P
LUCRATIVE,P
LUMINOUS,P
LUST,P
LUSTER,P
LUSTROUS,P
LUXURIANT,P
LUXURIOUS,P
LUXURY,P
LYRIC,P
LYRICAL,P
MAGICAL,P
MAGNETIC,P
MAGNIFICENCE,P
MAGNIFICENT,P
MAIN,P
MAJESTIC,P
MAJESTY,P
MAJOR,P
MAKE,P
MANAGEABLE,P
MANLY,P
MARITAL,P
MARRIAGE,P
MARRY,P
MARVEL,P
MARVELOUS,P
MASTERFUL,P
MASTERY,P
MATCHLESS,P
MATE,P
MATTER,P
MATURE,P
MATURITY,P
MAXIMIZE,P
MEANINGFUL,P
MEASURABLE,P
MEDIATE,P
MEDITATION,P
MEET,P
MELLOW,P
MELODY,P
MEMORABLE,P
MEND,P
MENTOR,P
MERCIFUL,P
MERCY,P
MERIT,P
MERITORIOUS,P
MERRILY,P
MERRIMENT,P
MERRY,P
MESH,P
METICULOUS,P
MIGHTY,P
MILD,P
MIND_,P
MINDFUL,P
MINISTER,P
MINT,P
MIRACLE,P
MIRACULOUS,P
MIRTH,P
MOBILITY,P
MOBILIZE,P
MODERATE,P
MODERATION,P
MODERNITY,P
MODEST,P
MODESTY,P
MOMENTOUS,P
MONUMENTAL,P
MORAL,P
MORALE,P
MORALISTIC,P
MORALITY,P
MOTIVATE,P
MOTIVATED,P
MOTIVATION,P
MOTIVE,P
MULTITUDE,P
MUTUAL,P
MYRIAD,P
NATURAL,P
NAVIGABLE,P
NEAT,P
NECESSARILY,P
NEGOTIATE,P
NICE,P
NICHE,P
NIMBLE,P
NOBILITY,P
NOBLE,P
NOBLEMAN,P
NOISELESS,P
NOMINATE,P
NON-VIOLENCE,P
NON-VIOLENT,P
NORMAL,P
NOTABLE,P
NOTORIETY,P
NOURISH,P
NOURISHMENT,P
NOVELTY,P
NURSE,P
NURTURE,P
NUTRIENT,P
OASIS,P
OBEDIENCE,P
OBEDIENT,P
OBEY,P
OBJECTIVE,P
OBLIGE,P
OBTAIN,P
OBTAINABLE,P
OFFER,P
OFFSET,P
ONSET,P
ONWARD,P
OPEN,P
OPPORTUNE,P
OPPORTUNITY,P
OPTIMAL,P
OPTIMISM,P
OPTIMISTIC,P
OPTIONAL,P
ORDER,P
ORGANIZE,P
ORIGINALITY,P
OUTGOING,P
OUTLIVE,P
OUTRIGHT,P
OUTRUN,P
OUTSET,P
OUTSTANDING,P
OUTWIT,P
OVERCOME,P
OVERJOYED,P
PAINSTAKING,P
PALATABLE,P
PALATIAL,P
PAMPER,P
PARADISE,P
PARAMOUNT,P
PARDON,P
PARTICULAR,P
PARTNER,P
PARTNERSHIP,P
PASS,P
PASSIONATE,P
PATIENCE,P
PATIENT,P
PATRIOT,P
PATRIOTIC,P
PATRON,P
PATRONAGE,P
PAY,P
PEACE,P
PEACEABLE,P
PEACEFUL,P
PEERLESS,P
PERFECT,P
PERFECTION,P
PERFECTIONISM,P
PERFECTIONIST,P
PERFUME,P
PERMISSION,P
PERMIT,P
PERSEVERANCE,P
PERSEVERE,P
PERSUASIVE,P
PERTINENT,P
PICTURESQUE,P
PIETY,P
PINNACLE,P
PIOUS,P
PLAIN,P
PLAUSIBILITY,P
PLAYFUL,P
PLAYMATE,P
PLAYTHING,P
PLEASANT,P
PLEASANTRY,P
PLEASE,P
PLEASED,P
PLEASURABLE,P
PLEASURE,P
PLEDGE,P
PLENTIFUL,P
PLENTY,P
POETIC,P
POIGNANT,P
POISE,P
POLISH,P
POLITE,P
POLITENESS,P
POMP,P
POPULAR,P
POPULARITY,P
POPULOUS,P
PORTABLE,P
POSITIVE,P
POSITIVENESS,P
POSITIVITY,P
POSTERITY,P
POTENCY,P
POTENT,P
PRACTICABLE,P
PRACTICAL,P
PRAISE,P
PRANCE,P
PRECAUTION,P
PRECEDENT,P
PRECEPT,P
PRECIOUS,P
PRECISE,P
PRECISION,P
PREEMINENT,P
PREFERENCE,P
PREMIER,P
PREMISE,P
PREMIUM,P
PREPARATORY,P
PRESTIGE,P
PRETTILY,P
PRETTY,P
PRICELESS,P
PRIDE,P
PRIMARILY,P
PRIME,P
PRINCIPAL,P
PRINCIPLE,P
PRIVACY,P
PRIVILEGED,P
PRIVY,P
PRIZE,P
PRO,P
PROACTIVE,P
PRODIGIOUS,P
PRODIGY,P
PRODUCTIVE,P
PRODUCTIVITY,P
PROFESS,P
PROFFER,P
PROFICIENT,P
PROFIT,P
PROFITABLE,P
PROFOUND,P
PROGRESS,P
PROGRESSIVE,P
PROLIFIC,P
PROMINENCE,P
PROMINENT,P
PROMISE,P
PROMPT,P
PROMPTLY,P
PROPER,P
PROPITIOUS,P
PROPRIETARY,P
PROPRIETY,P
PROSECUTE,P
PROSPER,P
PROSPERITY,P
PROSPEROUS,P
PROTECT,P
PROTECTION,P
PROTECTIVE,P
PROTECTOR,P
PROUD,P
PROVIDE,P
PROVIDENCE,P
PROWESS,P
PRUDENCE,P
PRUDENT,P
PUNCTUAL,P
PURE,P
PURIFICATION,P
PURIFY,P
PURITY,P
PURPOSEFUL,P
PURR,P
QUAINT,P
QUALIFY,P
QUALITY,P
QUENCH,P
QUICKEN,P
RADIANCE,P
RADIANT,P
RADIATE,P
RALLY,P
RAPPORT,P
RAPT,P
RAPTURE,P
RATIONAL,P
RAVE,P
READILY,P
REAL,P
REALISTIC,P
REALISTICALLY,P
REAP,P
REASONABLE,P
REASSURANCE,P
REASSURE,P
RECEPTIVE,P
RECLAIM,P
RECLINE,P
RECOMPENSE,P
RECONCILE,P
RECONCILIATION,P
RECREATION,P
REDEEM,P
REDEMPTION,P
REESTABLISH,P
REFINE,P
REFINEMENT,P
REFUGE,P
REGAL,P
REGARD,P
REHABILITATION,P
REINFORCEMENT,P
REINSTATE,P
REJOICE,P
RELAXATION,P
RELEVANCE,P
RELEVANCY,P
RELEVANT,P
RELIABILITY,P
RELIABLE,P
RELIEF,P
RELIEVE,P
RELIGIOUS,P
RELISH,P
REMARKABLE,P
REMARKABLY,P
REMEDY,P
REMODEL,P
RENAISSANCE,P
RENEWAL,P
RENOVATE,P
RENOVATION,P
RENOWN,P
REPAIR,P
REPARATION,P
REPENT,P
REPENTANCE,P
REPOSE,P
REPUTABLE,P
RESCUE,P
RESOLUTE,P
RESOLVE,P
RESOLVED,P
RESOUND,P
RESOURCEFUL,P
RESOURCEFULNESS,P
RESPECT,P
RESPECTABLE,P
RESPECTFUL,P
RESPITE,P
RESPLENDENT,P
RESPONSIBILITY,P
RESPONSIBLE,P
RESPONSIVE,P
RESTFUL,P
RESTORATION,P
RESTORE,P
RESURRECT,P
RETURN,P
REUNION,P
REUNITE,P
REVEL,P
REVELATION,P
REVERE,P
REVERENCE,P
REVERENT,P
REVERENTLY,P
REVITALIZE,P
REVIVAL,P
REVIVE,P
REWARD,P
RICH,P
RICHES,P
RICHNESS,P
RIGHT,P
RIGHTEOUS,P
RIGHTEOUSNESS,P
RIGHTFUL,P
RIPE,P
RIPEN,P
ROBUST,P
ROMANCE,P
ROMANTIC,P
ROMANTICIZE,P
ROSY,P
ROUND,P
ROUSE,P
SACRED,P
SAFE,P
SAFEGUARD,P
SAFETY,P
SAGACITY,P
SAGE,P
SAINT,P
SALUTARY,P
SALUTATION,P
SALUTE,P
SALVATION,P
SANCTIFY,P
SANCTUARY,P
SANE,P
SANGUINE,P
SANITARY,P
SANITY,P
SATISFACTION,P
SATISFACTORILY,P
SATISFACTORY,P
SATISFY,P
SAVE,P
SAVINGS,P
SAVOR,P
SAVVY,P
SCAMPER,P
SCRUPLES,P
SCRUPULOUS,P
SECURE,P
SECURITY,P
SELECTIVE,P
SELF-CONTAINED,P
SELF-RESPECT,P
SEMBLANCE,P
SENSATIONAL,P
SENSE,P
SENSIBLE,P
SENSITIVE,P
SENSITIVITY,P
SERENE,P
SERIOUS,P
SERIOUSNESS,P
SETTLE,P
SHARE,P
SHELTER,P
SHIELD,P
SHINY,P
SHREWD,P
SHREWDNESS,P
SIGNIFICANCE,P
SIGNIFICANT,P
SIGNIFY,P
SIMPLICITY,P
SIMPLIFY,P
SINCERE,P
SINCERITY,P
SKILL,P
SKILLFUL,P
SLEEK,P
SMART,P
SMILE,P
SMITTEN,P
SOBER,P
SOCIABLE,P
SOFTNESS,P
SOLACE,P
SOLUTION,P
SOOTHE,P
SOPHISTICATED,P
SOUGHT,P
SOUND,P
SOUNDNESS,P
SPARE,P
SPARKLE,P
SPECIAL,P
SPECTACULAR,P
SPEEDILY,P
SPLENDID,P
SPLENDOR,P
SPOTLESS,P
SPRIGHTLY,P
SQUARELY,P
STABILITY,P
STABILIZE,P
STABLE,P
STAND,P
STANDARDIZE,P
STAPLE,P
STATELY,P
STATUESQUE,P
STAUNCH,P
STAUNCHNESS,P
STEADFAST,P
STEADFASTNESS,P
STEADINESS,P
STEADY,P
STIMULATE,P
STIMULATION,P
STOOD,P
STRAIGHT,P
STRAIGHTFORWARD,P
STRUT,P
STUD,P
STUDIOUS,P
STUPENDOUS,P
STURDY,P
STYLISH,P
SUAVE,P
SUBLIME,P
SUBSCRIBE,P
SUBSCRIPTION,P
SUBSIDIZE,P
SUBSIDY,P
SUBSIST,P
SUBSISTENCE,P
SUBSTANTIATE,P
SUBTLE,P
SUCCEED,P
SUCCESS,P
SUCCESSFUL,P
SUFFICE,P
SUFFICIENT,P
SUIT,P
SUITABLE,P
SUMMIT,P
SUMPTUOUS,P
SUPER,P
SUPERIOR,P
SUPERIORITY,P
SUPERLATIVE,P
SUPPORT,P
SUPPORTIVE,P
SUPREME,P
SURGE,P
SURMISE,P
SURMOUNT,P
SURPASS,P
SURVIVAL,P
SURVIVE,P
SURVIVOR,P
SWEET,P
SWEETEN,P
SWEETHEART,P
SWEETNESS,P
SWIFTNESS,P
SWOON,P
SWORN,P
SYMBOLIZE,P
SYMMETRY,P
SYMPATHETIC,P
SYMPATHIZE,P
SYMPATHY,P
SYNTHESIS,P
TACT,P
TACTICS,P
TALENT,P
TALENTED,P
TASTE,P
TEMPERANCE,P
TEMPERATE,P
TEMPT,P
TENACIOUS,P
TENACITY,P
TENDERNESS,P
TERRIFIC,P
THANK,P
THANKFUL,P
THERAPEUTIC,P
THOROUGH,P
THOUGHTFUL,P
THOUGHTFULNESS,P
THRIFT,P
THRIFTY,P
THRILL,P
THRIVE,P
TINGLE,P
TOGETHERNESS,P
TOLERANCE,P
TOLERANT,P
TOLERATE,P
TOLERATION,P
TOPMOST,P
TRADITION,P
TRADITIONAL,P
TRAIN,P
TRANQUIL,P
TRANQUILITY,P
TRAVEL,P
TREASURE,P
TREAT,P
TREATISE,P
TREATY,P
TREMENDOUS,P
TRIBUTE,P
TRIUMPH,P
TRIUMPHAL,P
TRIUMPHANT,P
TROPHY,P
TRUE,P
TRUST,P
TRUSTWORTHINESS,P
TRUSTWORTHY,P
TRUTH,P
TRUTHFUL,P
UNBOUND,P
UNBROKEN,P
UNCOMMON,P
UNDERSTAND,P
UNDERSTANDABLE,P
UNDERSTOOD,P
UNDOUBTED,P
UNDOUBTEDLY,P
UNFORGETTABLE,P
UNHURRIED,P
UNIMPEACHABLE,P
UNIQUE,P
UNITY,P
UNLIMITED,P
UNSELFISH,P
UNTOUCHED,P
UPBEAT,P
UPFRONT,P
UPGRADE,P
UPHELD,P
UPHOLD,P
UPLIFT,P
UPPERMOST,P
UPRIGHT,P
UPSIDE,P
UPWARD,P
USABLE,P
USEFUL,P
USEFULNESS,P
UTILITARIAN,P
UTILIZATION,P
UTILIZE,P
UTTERMOST,P
VALIANT,P
VALID,P
VALIDITY,P
VALOR,P
VALUABLE,P
VALUE,P
VANQUISH,P
VASTNESS,P
VENERABLE,P
VENERATE,P
VERIFICATION,P
VERIFY,P
VERITABLE,P
VERSATILE,P
VERSATILITY,P
VIABILITY,P
VIABLE,P
VICTORIOUS,P
VIGILANCE,P
VIGILANT,P
VIRTUE,P
VIRTUOUS,P
VISIONARY,P
VISUALIZATION,P
VITALITY,P
VIVACIOUS,P
VIVID,P
VOLUNTARY,P
VOUCHSAFE,P
WARM,P
WARMHEARTED,P
WARMTH,P
WELCOME,P
WELFARE,P
WELL,P
WHIMSICAL,P
WHOLESOME,P
WILLFUL,P
WILLING,P
WILLINGNESS,P
WISDOM,P
WISE,P
WITTY,P
WONDER,P
WONDERFUL,P
WONDROUS,P
WOO,P
WORKABLE,P
WORKMANSHIP,P
WORLD-FAMOUS,P
WORTH,P
WORTH-WHILE,P
WORTHINESS,P
WORTHY,P
ZENITH,P
ZEST,P
ABANDON,N
ABANDONMENT,N
ABATE,N
ABDICATE,N
ABHOR,N
ABJECT,N
ABNORMAL,N
ABOLISH,N
ABOMINABLE,N
ABRASIVE,N
ABRUPT,N
ABSCOND,N
ABSENCE,N
ABSENT,N
ABSENT-MINDED,N
ABSENTEE,N
ABSURD,N
ABSURDITY,N
ABUSE,N
ABUSE,N
ABYSS,N
ACCIDENT,N
ACCOST,N
ACCURSED,N
ACCUSATION,N
ACCUSE,N
ACCUSE,N
ACHE,N
ACRIMONIOUS,N
ACRIMONY,N
ADDICT,N
ADDICTION,N
ADMONISH,N
ADMONITION,N
ADULTERATE,N
ADULTERATION,N
ADULTERY,N
ADVERSARY,N
ADVERSE,N
ADVERSITY,N
AFFECTATION,N
AFFLICT,N
AFFLICTION,N
AFRAID,N
AGAINST,N
AGGRAVATE,N
AGGRAVATION,N
AGGRESSION,N
AGGRESSIVE,N
AGGRESSIVENESS,N
AGGRESSOR,N
AGGRIEVE,N
AGHAST,N
AGITATE,N
AGITATION,N
AGITATOR,N
AGONIZE,N
AGONY,N
AIL,N
AILMENT,N
AIMLESS,N
ALARM,N
ALARMING,N
ALAS,N
ALIBI,N
ALIEN,N
ALIENATE,N
ALIENATION,N
ALLEGATION,N
ALLEGE,N
ALOOF,N
ALTERCATION,N
AMBIGUITY,N
AMBIGUOUS,N
AMBIVALENT,N
AMBUSH,N
AMBUSH,N
AMISS,N
AMPUTATE,N
ANARCHIST,N
ANARCHY,N
ANGER,N
ANGER,N
ANGRY,N
ANGUISH,N
ANIMOSITY,N
ANNIHILATE,N
ANNIHILATION,N
ANNOY,N
ANNOYANCE,N
ANOMALOUS,N
ANOMALY,N
ANTAGONISM,N
ANTAGONIST,N
ANTAGONISTIC,N
ANTAGONIZE,N
ANTI-SOCIAL,N
ANTIPATHY,N
ANTIQUATED,N
ANTITRUST,N
ANXIETY,N
ANXIOUS,N
ANXIOUS,N
ANXIOUSNESS,N
APATHETIC,N
APATHY,N
APPALL,N
APPALL,N
APPREHENSION,N
APPREHENSIVE,N
ARBITRARY,N
ARDUOUS,N
ARGUE,N
ARGUMENT,N
ARREST,N
ARREST,N
ARROGANCE,N
ARROGANT,N
ARTIFICIAL,N
ASHAMED,N
ASSAIL,N
ASSAILANT,N
ASSASSIN,N
ASSASSINATE,N
ASSAULT,N
ASSAULT,N
ASTRAY,N
ASUNDER,N
ATROCIOUS,N
ATROPHY,N
ATTACK,N
ATTACK,N
ATTACK,N
AUDACIOUS,N
AUDACITY,N
AUSTERE,N
AUTOCRAT,N
AUTOCRATIC,N
AVARICE,N
AVARICIOUS,N
AVENGE,N
AVERSION,N
AVERT,N
AVOID,N
AVOIDANCE,N
AWFUL,N
AWKWARD,N
AWKWARDNESS,N
AX,N
BABBLE,N
BACKWARD,N
BACKWARDNESS,N
BAD,N
BADLY,N
BAFFLE,N
BAFFLEMENT,N
BAIL,N
BAIT,N
BALK,N
BANAL,N
BANDIT,N
BANE,N
BANISH,N
BANISH,N
BANISHMENT,N
BANKRUPT,N
BANKRUPTCY,N
BAR,N
BARBARIAN,N
BARBAROUS,N
BARREN,N
BARRIER,N
BASHFUL,N
BASTARD,N
BATTLE,N
BATTLE,N
BATTLEFIELD,N
BEASTLY,N
BEAT,N
BEAT,N
BEAT,N
BEG,N
BEGGAR,N
BEHEAD,N
BELATED,N
BELIE,N
BELITTLE,N
BELLIGERENT,N
BELT,N
BEREAVE,N
BEREAVEMENT,N
BEREFT,N
BERSERK,N
BESEECH,N
BESET,N
BESIEGE,N
BETRAY,N
BETRAYAL,N
BEWARE,N
BEWILDER,N
BEWILDERMENT,N
BIT,N
BITCHY,N
BITE,N
BITE,N
BITE,N
BITTER,N
BITTERNESS,N
BIZARRE,N
BLACKMAIL,N
BLAH,N
BLAME,N
BLAME,N
BLAND,N
BLAST,N
BLAST,N
BLATANT,N
BLEAK,N
BLEMISH,N
BLIND,N
BLIND,N
BLIND,N
BLIND,N
BLINDNESS,N
BLOCK,N
BLOCK,N
BLOCKHEAD,N
BLOODSHED,N
BLOODTHIRSTY,N
BLOODY,N
BLOW,N
BLOW,N
BLUNDER,N
BLUNT,N
BLUR,N
BLURT,N
BOARD,N
BOAST,N
BOASTFUL,N
BOGUS,N
BOISTEROUS,N
BOLT,N
BOMB,N
BOMB,N
BOMBARD,N
BOMBARDMENT,N
BONDAGE,N
BOOT,N
BORE,N
BORE,N
BORE,N
BOREDOM,N
BOTHER,N
BOTHER,N
BOTHERSOME,N
BOUND,N
BOUT,N
BOX,N
BRAG,N
BRANDISH,N
BRAT,N
BRAVADO,N
BRAWL,N
BRAZEN,N
BREACH,N
BREAK,N
BREAK,N
BREAK,N
BREAKDOWN,N
BRIBE,N
BRISTLE,N
BRITTLE,N
BROKE,N
BROKE,N
BROKE,N
BROKE,N
BROKEN-HEARTED,N
BROOD,N
BRUISE,N
BRUSQUE,N
BRUTALITY,N
BRUTE,N
BRUTISH,N
BUCKLE,N
BUG,N
BULLET,N
BUM,N
BUNGLE,N
BURDEN,N
BURDEN,N
BURDENSOME,N
BURGLAR,N
BURGLARY,N
BURN,N
BURN,N
BURN,N
BURN,N
BURY,N
BUSYBODY,N
BUTCHERY,N
CALAMITY,N
CALLOUS,N
CANCEL,N
CANCELLATION,N
CANCER,N
CANNIBAL,N
CANNON,N
CAPITAL,N
CAPITULATE,N
CAPRICIOUS,N
CAPSIZE,N
CAPTIVE,N
CAPTURE,N
CAPTURE,N
CAREEN,N
CARELESS,N
CARELESSNESS,N
CASUALTY,N
CATACLYSM,N
CATASTROPHE,N
CATCH,N
CAVE,N
CENSOR,N
CENSORSHIP,N
CENSURE,N
CHAFE,N
CHALLENGE,N
CHALLENGE,N
CHAOS,N
CHAOTIC,N
CHARGE,N
CHARGE,N
CHARGE,N
CHARGE,N
CHASE,N
CHASE,N
CHASTISE,N
CHEAP,N
CHEAPEN,N
CHEATER,N
CHIDE,N
CHILDISH,N
CHOKE,N
CHOKE,N
CHORE,N
CHRONIC,N
CIRCLE,N
CLAMOR,N
CLAMOROUS,N
CLASH,N
CLATTER,N
CLIQUE,N
CLOG,N
CLOSE,N
CLOSE,N
CLUB,N
CLUB,N
CLUMSY,N
CLUTTER,N
COARSE,N
COARSENESS,N
COCKINESS,N
COCKY,N
COERCE,N
COERCION,N
COERCIVE,N
COLD,N
COLD,N
COLD,N
COLD,N
COLLAPSE,N
COLLAPSE,N
COLLIDE,N
COLLISION,N
COLLUSION,N
COLONY,N
COMBAT,N
COMBAT,N
COMBATANT,N
COMMISERATION,N
COMMIT,N
COMMONER,N
COMMONPLACE,N
COMMOTION,N
COMPEL,N
COMPEL,N
COMPETE,N
COMPETITION,N
COMPETITIVE,N
COMPETITOR,N
COMPLAIN,N
COMPLAINT,N
COMPLEX,N
COMPLEXITY,N
COMPLICATE,N
COMPLICATE,N
COMPLICATION,N
COMPLICITY,N
COMPULSION,N
CONCEAL,N
CONCEIT,N
CONCERN,N
CONCERN,N
CONDEMN,N
CONDEMN,N
CONDEMNATION,N
CONDESCENDING,N
CONDESCENSION,N
CONFESS,N
CONFESSION,N
CONFINE,N
CONFINE,N
CONFINEMENT,N
CONFISCATE,N
CONFISCATION,N
CONFLICT,N
CONFLICT,N
CONFLICT,N
CONFLICT,N
CONFOUND,N
CONFRONT,N
CONFRONTATION,N
CONFUSE,N
CONFUSE,N
CONFUSE,N
CONFUSE,N
CONFUSION,N
CONGESTED,N
CONGESTION,N
CONSPIRACY,N
CONSPIRATOR,N
CONSPIRE,N
CONSTERNATION,N
CONSTRAIN,N
CONSTRAINT,N
CONSUMPTIVE,N
CONTAGIOUS,N
CONTAMINATE,N
CONTAMINATION,N
CONTEMPT,N
CONTEMPTIBLE,N
CONTEMPTUOUS,N
CONTEND,N
CONTRADICT,N
CONTRADICTION,N
CONTRADICTORY,N
CONTRARY,N
CONTROVERSIAL,N
CONTROVERSY,N
CONVICT,N
CONVICT,N
COOL,N
COOLNESS,N
CORRODE,N
CORROSION,N
CORROSIVE,N
CORRUPT,N
CORRUPTION,N
COST,N
COST,N
COSTLINESS,N
COSTLY,N
COUNTERACT,N
COUNTERACTION,N
COUNTERFEIT,N
COVERT,N
COVET,N
COWARD,N
CRAFTY,N
CRAM,N
CRAMP,N
CRANKY,N
CRASS,N
CRAVE,N
CRAWL,N
CRAZE,N
CRAZINESS,N
CRAZY,N
CREDULOUS,N
CRIME,N
CRIMINAL,N
CRINGE,N
CRIPPLE,N
CRISIS,N
CRITIC,N
CRITICIZE,N
CROAK,N
CROOK,N
CROOKED,N
CROSS,N
CROSS,N
CROSS,N
CRUDE,N
CRUEL,N
CRUELTY,N
CRUMBLE,N
CRUMPLE,N
CRUSH,N
CRUSH,N
CRUSHING,N
CULPABLE,N
CULPRIT,N
CUMBERSOME,N
CURSE,N
CURSE,N
CURSORY,N
CURT,N
CURTAIL,N
CUT,N
CUT,N
CYNICAL,N
CYNICISM,N
DAMAGE,N
DAMAGE,N
DAMN,N
DAMNABLE,N
DAMNED,N
DANGER,N
DANGEROUS,N
DARK,N
DARKEN,N
DARKNESS,N
DARN,N
DAUNTING,N
DAWDLE,N
DAZE,N
DEAD,N
DEADLOCK,N
DEADLY,N
DEADWEIGHT,N
DEAF,N
DEAFNESS,N
DEAL,N
DEARTH,N
DEATH,N
DEBATABLE,N
DEBTOR,N
DECADENCE,N
DECADENT,N
DECAY,N
DECAY,N
DECEASE,N
DECEIT,N
DECEITFUL,N
DECEIVE,N
DECEIVE,N
DECEPTION,N
DECEPTIVE,N
DECLINE,N
DECLINE,N
DECOMPOSE,N
DECREASE,N
DECREASE,N
DEFAME,N
DEFAULT,N
DEFEAT,N
DEFEAT,N
DEFECT,N
DEFECTIVE,N
DEFENDANT,N
DEFENSIVE,N
DEFIANCE,N
DEFIANT,N
DEFICIENCY,N
DEFICIENT,N
DEFICIT,N
DEFILE,N
DEFY,N
DEGENERATE,N
DEGRADE,N
DEJECTED,N
DELAY,N
DELAY,N
DELINQUENCY,N
DELINQUENT,N
DELIRIUM,N
DELUGE,N
DELUSION,N
DEMEAN,N
DEMISE,N
DEMOLISH,N
DEMON,N
DEMORALIZE,N
DENIAL,N
DENOUNCE,N
DENT,N
DENY,N
DEPENDENT,N
DEPLETE,N
DEPLORABLE,N
DEPLORE,N
DEPOSE,N
DEPRAVED,N
DEPRECIATE,N
DEPRECIATION,N
DEPRESS,N
DEPRESS,N
DEPRESS,N
DEPRESSION,N
DEPRESSION,N
DEPRIVE,N
DERIDE,N
DERISION,N
DERISIVE,N
DEROGATORY,N
DESERT,N
DESERT,N
DESERTION,N
DESIRE,N
DESOLATE,N
DESOLATION,N
DESPAIR,N
DESPAIR,N
DESPERATE,N
DESPERATION,N
DESPICABLE,N
DESPISE,N
DESPISE,N
DESTITUTE,N
DESTROY,N
DESTRUCTION,N
DESTRUCTIVE,N
DETACHMENT,N
DETAIN,N
DETER,N
DETERRENT,N
DETEST,N
DETESTABLE,N
DETRACT,N
DETRIMENTAL,N
DEVASTATE,N
DEVASTATION,N
DEVIATE,N
DEVIATION,N
DEVIL,N
DEVILISH,N
DEVIOUS,N
DEVOID,N
DIABOLIC,N
DIABOLICAL,N
DICTATE,N
DICTATORIAL,N
DIFFER,N
DIFFICULT,N
DIFFICULTY,N
DILEMMA,N
DIM,N
DIM,N
DIN,N
DIRE,N
DIRT,N
DIRTY,N
DISABLE,N
DISADVANTAGE,N
DISADVANTAGEOUS,N
DISAGREEABLE,N
DISAGREEMENT,N
DISAPPOINT,N
DISAPPOINT,N
DISAPPOINT,N
DISAPPOINT,N
DISAPPOINTMENT,N
DISAPPROVAL,N
DISAPPROVE,N
DISARM,N
DISASTER,N
DISASTROUS,N
DISAVOW,N
DISAVOWAL,N
DISBELIEF,N
DISCHARGE,N
DISCHARGE,N
DISCLAIM,N
DISCOMFORT,N
DISCONCERTED,N
DISCONTENT,N
DISCORD,N
DISCORDANT,N
DISCOURAGE,N
DISCOURAGE,N
DISCOURAGEMENT,N
DISCREDIT,N
DISCREPANT,N
DISCRIMINATE,N
DISDAIN,N
DISEASE,N
DISEASED,N
DISGRACE,N
DISGUISE,N
DISGUST,N
DISGUST,N
DISGUST,N
DISGUST,N
DISGUST,N
DISHEARTEN,N
DISHONEST,N
DISHONOR,N
DISINGENUOUS,N
DISINTEREST,N
DISLIKE,N
DISLIKE,N
DISMAL,N
DISMISS,N
DISMISS,N
DISOBEDIENCE,N
DISOBEDIENT,N
DISORDER,N
DISORGANIZED,N
DISPEL,N
DISPENSABILITY,N
DISPENSE,N
DISPLACE,N
DISPLEASE,N
DISPLEASURE,N
DISPOSAL,N
DISPOSE,N
DISPOSE,N
DISPROPORTIONATE,N
DISPROVE,N
DISPUTABLE,N
DISPUTE,N
DISPUTE,N
DISREGARD,N
DISRUPT,N
DISRUPTION,N
DISSATISFACTION,N
DISSATISFIED,N
DISSATISFY,N
DISSENT,N
DISSENTION,N
DISSOLUTION,N
DISTORT,N
DISTORTION,N
DISTRACT,N
DISTRACTING,N
DISTRACTION,N
DISTRESS,N
DISTRESS,N
DISTRUSTFUL,N
DISTURB,N
DISTURB,N
DISTURB,N
DISTURBANCE,N
DIVERSION,N
DIVERT,N
DIVIDE,N
DIVIDE,N
DIVISION,N
DIVORCE,N
DIVORCE,N
DIVORCE,N
DIZZY,N
DOLDRUMS,N
DOMINATE,N
DOMINATE,N
DOMINATE,N
DOMINATION,N
DOOM,N
DOOM,N
DOOMSDAY,N
DOPE,N
DOUBLE,N
DOUBLE,N
DOUBT,N
DOUBT,N
DOUBT,N
DOUBTFUL,N
DOWNCAST,N
DOWNFALL,N
DOWNHEARTED,N
DRAB,N
DRAG,N
DREAD,N
DREADFUL,N
DREARY,N
DRIVE,N
DROOP,N
DROP,N
DROP,N
DROP,N
DROUGHT,N
DROWN,N
DROWN,N
DROWSINESS,N
DROWSY,N
DRUNK,N
DRUNK,N
DRUNKARD,N
DRUNKEN,N
DUBIOUS,N
DULL,N
DUMB,N
DUMP,N
DUMP,N
DUNCE,N
DUNGEON,N
DUTY,N
DWINDLE,N
DYING,N
DYING,N
ECCENTRIC,N
ECCENTRICITY,N
EDGE,N
EGOTISTICAL,N
ELIMINATE,N
ELIMINATION,N
EMBARRASS,N
EMBARRASSMENT,N
EMERGENCY,N
EMPTY,N
EMPTY,N
ENCROACH,N
ENCROACHMENT,N
ENDANGER,N
ENEMY,N
ENFORCE,N
ENGULF,N
ENRAGE,N
ENSLAVE,N
ENTANGLE,N
ENTANGLEMENT,N
ENTREAT,N
ENVIOUS,N
ENVY,N
EPIDEMIC,N
EPITHET,N
EQUIVOCAL,N
ERADICATE,N
ERASE,N
ERODE,N
EROSION,N
ERR,N
ERRONEOUS,N
ERROR,N
ESOTERIC,N
ESTRANGED,N
EVADE,N
EVASION,N
EVEN,N
EVICT,N
EVIL,N
EVIL,N
EXAGGERATION,N
EXASPERATE,N
EXASPERATION,N
EXCEPTION,N
EXCESS,N
EXCESSIVE,N
EXCLUDE,N
EXCLUSION,N
EXCOMMUNICATION,N
EXECUTE,N
EXEMPT,N
EXHAUST,N
EXHAUSTION,N
EXILE,N
EXIT,N
EXPEDIENT,N
EXPEL,N
EXPENSE,N
EXPENSE,N
EXPENSIVE,N
EXPLODE,N
EXPLOIT,N
EXPLOSION,N
EXPLOSIVE,N
EXPOSE,N
EXTERMINATE,N
EXTERMINATION,N
EXTINCT,N
EXTINGUISH,N
EXTRAVAGANT,N
FABRICATE,N
FABRICATION,N
FAIL,N
FAIL,N
FAIL,N
FAIL,N
FAILURE,N
FAINT,N
FAKE,N
FALL,N
FALLACY,N
FALLOUT,N
FALSE,N
FALSEHOOD,N
FALTER,N
FAMINE,N
FAMISHED,N
FANATIC,N
FANATICAL,N
FARCE,N
FASCIST,N
FAT,N
FAT,N
FAT,N
FATAL,N
FATALISTIC,N
FATIGUE,N
FAULT,N
FEAR,N
FEAR,N
FEAR,N
FEARFUL,N
FEARSOME,N
FED,N
FEEBLE,N
FEIGN,N
FEINT,N
FEROCIOUS,N
FEROCITY,N
FEUD,N
FEUDAL,N
FEVER,N
FEVERISH,N
FIASCO,N
FICKLE,N
FIDGET,N
FIEND,N
FIERCE,N
FIGHT,N
FIGHT,N
FIGHT,N
FIGHTER,N
FILTH,N
FILTHY,N
FINE,N
FINE,N
FIRE,N
FIRE,N
FIRE,N
FIST,N
FIX,N
FLAGRANT,N
FLAW,N
FLED,N
FLEE,N
FLEETING,N
FLIMSY,N
FLOOR,N
FLOUNDER,N
FOE,N
FOIBLE,N
FOOL,N
FOOL,N
FOOLISH,N
FOOLISHNESS,N
FORBID,N
FORBIDDEN,N
FORCE,N
FORCE,N
FORCE,N
FOREBODING,N
FOREIGN,N
FORFEIT,N
FORGETFULNESS,N
FORLORN,N
FORMIDABLE,N
FORSAKE,N
FOUGHT,N
FOUNDER,N
FRACTURE,N
FRAGILE,N
FRANTIC,N
FRANTICALLY,N
FRAUD,N
FRAUDULENT,N
FRAUGHT,N
FREAK,N
FRET,N
FRETFUL,N
FRIGHTEN,N
FRIGHTEN,N
FRIGHTEN,N
FRIGHTFUL,N
FRIGID,N
FRIVOLOUS,N
FRONT,N
FROWN,N
FROWN,N
FRUITLESS,N
FRUSTRATE,N
FRUSTRATE,N
FRUSTRATE,N
FRUSTRATION,N
FUGITIVE,N
FUMBLE,N
FUN,N
FURIOUS,N
FURY,N
FUSS,N
FUSSY,N
FUTILITY,N
GALL,N
GAMBLE,N
GAMBLE,N
GASH,N
GAUDY,N
GERM,N
GET,N
GHASTLY,N
GHETTO,N
GLARE,N
GLOAT,N
GLOOM,N
GLOOMY,N
GLUM,N
GODDAMN,N
GRAB,N
GRAPPLE,N
GRATUITOUS,N
GRAVE,N
GRAVE,N
GRAVE,N
GRAVE,N
GRAVE,N
GRIEF,N
GRIEVANCE,N
GRIEVE,N
GRIM,N
GRIZZLY,N
GROTESQUE,N
GROWL,N
GRUDGE,N
GRUFF,N
GRUMBLE,N
GUERRILLA,N
GUILT,N
GUILTY,N
GUISE,N
GULLIBLE,N
GUN,N
GUNMEN,N
HACK,N
HACKNEY,N
HAG,N
HAGGARD,N
HAMPER,N
HAND,N
HANDICAP,N
HANG,N
HANG,N
HAPHAZARD,N
HAPLESS,N
HARASS,N
HARASSMENT,N
HARD,N
HARD,N
HARDSHIP,N
HARM,N
HARM,N
HARMFUL,N
HARSH,N
HASSLE,N
HATE,N
HATE,N
HATE,N
HATER,N
HATRED,N
HAUGHTY,N
HAUNT,N
HAVOC,N
HAZARD,N
HAZARD,N
HAZARDOUS,N
HAZINESS,N
HAZY,N
HEADACHE,N
HEARTLESS,N
HECTIC,N
HEDGE,N
HEDONISTIC,N
HEEDLESS,N
HEINOUS,N
HELL,N
HELP,N
HELPLESS,N
HELPLESSNESS,N
HIDEOUS,N
HINDER,N
HINDRANCE,N
HIT,N
HIT,N
HOARD,N
HOBBLE,N
HOLE,N
HOLE,N
HOLLOW,N
HOMELY,N
HOPELESS,N
HORDE,N
HORN,N
HORRIBLE,N
HORRID,N
HORRIFY,N
HORROR,N
HOSTILE,N
HOSTILITY,N
HOT,N
HUMILIATE,N
HUMILIATION,N
HUNG,N
HUNGER,N
HUNGRY,N
HUNT,N
HUNT,N
HUNT,N
HUNTER,N
HURT,N
HURT,N
HURTFUL,N
HUSTLE,N
HUSTLER,N
HYPOCRISY,N
HYPOCRITE,N
HYSTERIA,N
HYSTERICAL,N
IDIOT,N
IDIOTIC,N
IDLENESS,N
IGNOBLE,N
IGNORANCE,N
IGNORANT,N
ILL,N
ILL,N
ILL,N
ILL,N
ILLEGAL,N
ILLEGALITY,N
ILLITERATE,N
ILLNESS,N
ILLOGICAL,N
IMMATURE,N
IMMOBILITY,N
IMMORAL,N
IMMORALITY,N
IMMOVABLE,N
IMPAIR,N
IMPASSE,N
IMPATIENCE,N
IMPATIENT,N
IMPEDE,N
IMPEDIMENT,N
IMPERFECT,N
IMPERSONAL,N
IMPETUOUS,N
IMPLICATE,N
IMPLORE,N
IMPOSE,N
IMPRECISION,N
IMPRISON,N
IMPRISONMENT,N
IMPROPER,N
IMPULSIVE,N
IMPURE,N
IMPURITY,N
INABILITY,N
INACCESSIBLE,N
INACCURACY,N
INADEQUATE,N
INANE,N
INCAPABLE,N
INCESSANT,N
INCOMPATIBILITY,N
INCOMPATIBLE,N
INCOMPETENCE,N
INCOMPETENT,N
INCONSISTENCY,N
INCONVENIENT,N
INCORRECT,N
INCREDIBLE,N
INCURABLE,N
INDECENT,N
INDEFINITE,N
INDETERMINABLE,N
INDETERMINATE,N
INDICTMENT,N
INDIFFERENCE,N
INDIFFERENT,N
INDIGNATION,N
INDULGE,N
INEFFECTIVE,N
INEFFECTIVENESS,N
INEFFECTUAL,N
INEFFECTUALNESS,N
INEFFICIENCY,N
INEQUALITY,N
INEXACT,N
INEXPLICABLE,N
INFAMOUS,N
INFECT,N
INFECTION,N
INFERIOR,N
INFERIORITY,N
INFEST,N
INFILTRATION,N
INFLAME,N
INFLATION,N
INFLICT,N
INFRACTION,N
INFRINGEMENT,N
INFURIATE,N
INGRATITUDE,N
INHIBIT,N
INHIBITION,N
INHUMANE,N
INJUNCTION,N
INJURE,N
INJURIOUS,N
INJURY,N
INSANE,N
INSECURE,N
INSECURITY,N
INSENSIBLE,N
INSIDIOUS,N
INSIGNIFICANT,N
INSINUATE,N
INSOLENCE,N
INSOLENT,N
INSTABILITY,N
INSTABLE,N
INSUFFICIENCY,N
INSUFFICIENT,N
INSULT,N
INTERFERE,N
INTERFERENCE,N
INTERRUPT,N
INTERRUPTION,N
INTERVENTION,N
INTIMIDATE,N
INTOLERABLE,N
INTOXICATE,N
INTRUDE,N
INTRUDER,N
INTRUSION,N
INUNDATE,N
INUNDATED,N
INVADE,N
INVALID,N
INVISIBLE,N
INVOLUNTARY,N
INVOLVE,N
IRK,N
IRON,N
IRON,N
IRONIC,N
IRONY,N
IRRATIONAL,N
IRREGULAR,N
IRREGULARITY,N
IRRESPONSIBLE,N
IRRITABLE,N
IRRITATION,N
ISOLATE,N
ISOLATE,N
JAIL,N
JAIL,N
JAR,N
JEER,N
JEOPARDIZE,N
JEOPARDY,N
JERK,N
JERK,N
JITTERY,N
JOBLESS,N
JUMPY,N
JUNK,N
KICK,N
KICK,N
KICK,N
KIDNAP,N
KILL,N
KILL,N
KILLER,N
KNIFE,N
KNOCK,N
KNOCK,N
KNOCK,N
LACK,N
LACK,N
LACK,N
LAG,N
LAID,N
LAME,N
LAMENT,N
LAMENTABLE,N
LANGUISH,N
LAPSE,N
LAUGH,N
LAWLESS,N
LAY,N
LAZILY,N
LAZY,N
LEAK,N
LEAKAGE,N
LET,N
LIABILITY,N
LIABLE,N
LIAR,N
LIE,N
LIE,N
LIFELESS,N
LIMIT,N
LIMIT,N
LIMIT,N
LIMITATION,N
LIMP,N
LIQUIDATE,N
LIQUIDATION,N
LITTER,N
LOAD,N
LONE,N
LONELINESS,N
LONELY,N
LONER,N
LONESOME,N
LOOM,N
LOSE,N
LOSE,N
LOSER,N
LOSS,N
LOST,N
LOST,N
LOST,N
LOST,N
LOVELESS,N
LOW,N
LOW,N
LOWER,N
LOWLY,N
LUDICROUS,N
LULL,N
LUNATIC,N
LURE,N
LURK,N
LYING,N
LYING,N
MAD,N
MAD,N
MADMAN,N
MADNESS,N
MAKE,N
MALADJUSTED,N
MALADJUSTMENT,N
MALADY,N
MALICE,N
MALICIOUS,N
MALIGNANT,N
MANGLE,N
MANIPULATE,N
MANIPULATION,N
MANSLAUGHTER,N
MAR,N
MAR,N
MARGINAL,N
MASSACRE,N
MATTER,N
MEAGER,N
MEAN,N
MEANINGLESS,N
MEDDLE,N
MEDIOCRE,N
MEEK,N
MELANCHOLY,N
MELODRAMATIC,N
MENACE,N
MENIAL,N
MERCILESS,N
MESS,N
MESS,N
MIND,N
MINE,N
MISBEHAVE,N
MISBEHAVIOR,N
MISCHIEF,N
MISCHIEVOUS,N
MISER,N
MISERABLE,N
MISERY,N
MISFORTUNE,N
MISHANDLE,N
MISHAP,N
MISINFORM,N
MISINFORMED,N
MISLEAD,N
MISREPRESENT,N
MISS,N
MISTAKE,N
MISTAKE,N
MISTAKE,N
MISTAKEN,N
MISTRUST,N
MISUNDERSTAND,N
MISUNDERSTANDING,N
MISUNDERSTOOD,N
MISUSE,N
MIX,N
MOAN,N
MOCK,N
MOCKERY,N
MOLEST,N
MONOTONOUS,N
MONOTONY,N
MONSTER,N
MONSTROUS,N
MOODY,N
MORTIFY,N
MOTIONLESS,N
MOTLEY,N
MOURN,N
MOURN,N
MOURNER,N
MUDDLE,N
MUDDY,N
MUMBLE,N
MUNDANE,N
MURDER,N
MURDER,N
MURDEROUS,N
MURKY,N
MUTTER,N
MYSELF>,N
NAG,N
NAIVE,N
NASTY,N
NAUGHTY,N
NEBULOUS,N
NEED,N
NEED,N
NEED,N
NEEDLE,N
NEEDY,N
NEGATE,N
NEGATION,N
NEGATIVE,N
NEGLECT,N
NEGLECT,N
NEGLIGENCE,N
NEGLIGENT,N
NERVOUS,N
NERVOUSNESS,N
NEUROTIC,N
NEUTRALIZE,N
NIGHTMARE,N
NIX,N
NOISE,N
NONCHALANT,N
NONSENSE,N
NOSEY,N
NOTORIOUS,N
NOVICE,N
NUISANCE,N
NULLIFICATION,N
NULLIFY,N
NUMB,N
NUTS,N
OBJECT,N
OBJECTION,N
OBLIQUE,N
OBLITERATE,N
OBNOXIOUS,N
OBSCURE,N
OBSOLETE,N
OBSTACLE,N
OBSTINATE,N
OBSTRUCT,N
OBSTRUCTION,N
ODD,N
ODDITY,N
OFFEND,N
OFFENDER,N
OFFENSIVE,N
OMINOUS,N
OMISSION,N
OMIT,N
OPINIONATED,N
OPPONENT,N
OPPOSE,N
OPPOSE,N
OPPOSE,N
OPPOSITION,N
OPPRESS,N
OPPRESSION,N
OPPRESSIVE,N
ORDEAL,N
ORDER,N
ORPHAN,N
OSTRACIZE,N
OUST,N
OUTBREAK,N
OUTBURST,N
OUTCAST,N
OUTCRY,N
OUTLAW,N
OUTRAGE,N
OUTRAGEOUS,N
OUTSIDER,N
OVERBEARING,N
OVERFLOW,N
OVERLOOK,N
OVERPOWER,N
OVERRUN,N
OVERSIGHT,N
OVERTHROW,N
OVERTURN,N
OVERWHELMING,N
OVERWORKED,N
OWE,N
PAIN,N
PAINFUL,N
PALTRY,N
PANDEMONIUM,N
PANIC,N
PARALYSIS,N
PARALYZED,N
PARANOID,N
PARASITE,N
PARTICULAR,N
PARTITION,N
PASS,N
PASS_0,N
PASS_,N
PASSE,N
PATHETIC,N
PATRONIZE,N
PECULIAR,N
PERIL,N
PERILOUS,N
PERISH,N
PERPLEX,N
PERPLEXITY,N
PERSECUTE,N
PERSECUTION,N
PERTURB,N
PERVERSE,N
PERVERT,N
PESSIMISM,N
PESSIMISTIC,N
PEST,N
PETTY,N
PHOBIA,N
PICK,N
PIECE,N
PINCH,N
PINCH,N
PITIFUL,N
PITILESS,N
PLAGUE,N
PLAGUE,N
PLAINTIFF,N
PLIGHT,N
PLOD,N
PLOT,N
POINT,N
POINTLESS,N
POISON,N
POISONOUS,N
POLLUTE,N
POLLUTION,N
POMPOUS,N
POOR,N
POOR,N
POOR,N
POOR,N
POOR,N
POOR,N
POUND,N
POUT,N
POVERTY,N
POWERLESS,N
PRECARIOUS,N
PRECIPITATE,N
PREDICAMENT,N
PREJUDICE,N
PREJUDICIAL,N
PREPOSTEROUS,N
PRESS,N
PRESUMPTUOUS,N
PRETEND,N
PRETENSE,N
PRETENTIOUS,N
PRISON,N
PRISON,N
PRISONER,N
PROBLEM,N
PROCRASTINATE,N
PROCRASTINATION,N
PROD,N
PROHIBIT,N
PROHIBITION,N
PROHIBITIVE,N
PROPAGANDA,N
PROSECUTION,N
PROTEST,N
PROTEST,N
PROVOCATION,N
PROVOKE,N
PROWL,N
PRY,N
PUNCH,N
PUNISH,N
PUNY,N
PUSH,N
PUSH,N
PUSH,N
PUZZLEMENT,N
QUALM,N
QUANDARY,N
QUARREL,N
QUARREL,N
QUARRELSOME,N
QUEER,N
QUESTIONABLE,N
QUIBBLE,N
QUIT,N
QUITTER,N
RACE,N
RADICAL,N
RAGE,N
RAID,N
RAISE,N
RAMBLE,N
RAMPANT,N
RASCAL,N
RASH,N
RAT,N
RATION,N
RATTLE,N
RAVAGE,N
REACTIONARY,N
REACTIVE,N
REBEL,N
REBEL,N
REBELLION,N
REBELLIOUS,N
REBUFF,N
REBUKE,N
REBUT,N
RECALCITRANT,N
RECEDE,N
RECESSION,N
RECKLESS,N
RECKLESSNESS,N
RECOIL,N
REDUNDANCY,N
REDUNDANT,N
REFRAIN,N
REFUGEE,N
REFUSAL,N
REFUSE,N
REGARDLESS,N
REGRESS,N
REGRESSION,N
REGRET,N
REGRET,N
REGRETTABLE,N
REJECT,N
REJECTION,N
RELAPSE,N
RELUCTANT,N
REMORSE,N
RENOUNCE,N
RENUNCIATION,N
REPEAL,N
REPREHENSIBLE,N
REPRESS,N
REPROACH,N
REPUDIATE,N
REPUGNANT,N
REPULSE,N
REPULSIVE,N
RESENT,N
RESENTFUL,N
RESENTMENT,N
RESIGNATION,N
RESTLESS,N
RESTLESSNESS,N
RESTRICT,N
RESTRICT,N
RESTRICT,N
RESTRICTION,N
RETALIATE,N
RETARD,N
RETIRE,N
RETREAT,N
RETREAT,N
REVENGE,N
REVERT,N
REVOKE,N
REVOLT,N
REVOLUTION,N
RID,N
RIDE,N
RIDICULE,N
RIDICULE,N
RIDICULOUS,N
RIGID,N
RIGOR,N
RIGOROUS,N
RIP,N
RIP,N
RISKY,N
RIVAL,N
RIVAL,N
RIVALRY,N
ROBBER,N
ROBBERY,N
ROGUE,N
ROOT,N
ROT,N
ROTTEN,N
ROUGH,N
ROUGHNESS,N
ROUNDABOUT,N
RUBBISH,N
RUDE,N
RUE,N
RUFFIAN,N
RUIN,N
RUIN,N
RUIN,N
RUIN,N
RUINOUS,N
RUMOR,N
RUMPLE,N
RUN,N
RUN,N
RUNAWAY,N
RUPTURE,N
RUPTURE,N
RUSTY,N
RUTHLESS,N
RUTHLESSNESS,N
SABOTAGE,N
SAD,N
SADNESS,N
SAG,N
SANK,N
SAP,N
SARCASM,N
SARCASTIC,N
SAVAGE,N
SCALD,N
SCANDAL,N
SCANDALOUS,N
SCAPEGOAT,N
SCAR,N
SCARCITY,N
SCARE,N
SCARE,N
SCARED,N
SCARED,N
SCARY,N
SCHEME,N
SCHEME,N
SCOFF,N
SCOLD,N
SCOLD,N
SCORCH,N
SCORN,N
SCORNFUL,N
SCOUNDREL,N
SCOWL,N
SCRAPE,N
SCREAM,N
SCREAM,N
SCREECH,N
SCREECH,N
SCREW,N
SCRUTINIZE,N
SCUFFLE,N
SCUM,N
SECEDE,N
SECESSION,N
SECRECY,N
SECRET,N
SEDENTARY,N
SEETHE,N
SEGREGATION,N
SEIZE,N
SELFISH,N
SELFISHNESS,N
SENILE,N
SENSELESS,N
SENTENCE,N
SEQUESTER,N
SERVE,N
SERVICE,N
SERVITUDE,N
SEVER,N
SEVERE,N
SEVERITY,N
SHABBY,N
SHADOW,N
SHADY,N
SHAGGY,N
SHAKE,N
SHALLOW,N
SHAME,N
SHAMEFUL,N
SHAMELESS,N
SHARK,N
SHELL,N
SHELL,N
SHIPWRECK,N
SHIRK,N
SHIVER,N
SHOCK,N
SHOCK,N
SHOCK,N
SHOCK,N
SHOCK,N
SHODDY,N
SHOOT,N
SHOOT,N
SHOOT,N
SHORT,N
SHORTAGE,N
SHORTCOMING,N
SHORTSIGHTED,N
SHOT,N
SHOVE,N
SHOW,N
SHRED,N
SHREW,N
SHRIEK,N
SHRILL,N
SHRIVEL,N
SHROUD,N
SHRUG,N
SHRUG,N
SHUN,N
SHYNESS,N
SICK,N
SICK,N
SICK,N
SICK,N
SICKLY,N
SICKNESS,N
SIEGE,N
SILLY,N
SIMPLISTIC,N
SIN,N
SIN,N
SINFUL,N
SINISTER,N
SKEPTICAL,N
SKETCHY,N
SKIRMISH,N
SKULK,N
SLAM,N
SLANDER,N
SLANDERER,N
SLANDEROUS,N
SLAP,N
SLASH,N
SLAUGHTER,N
SLAYER,N
SLEAZY,N
SLEEPLESS,N
SLIGHT,N
SLIGHT,N
SLIGHT,N
SLIGHT,N
SLIME,N
SLOPPY,N
SLOTH,N
SLOTHFUL,N
SLUG,N
SLUGGISH,N
SLUMP,N
SLY,N
SMACK,N
SMASH,N
SMASH,N
SMEAR,N
SMOTHER,N
SMUGGLE,N
SNARE,N
SNARL,N
SNATCH,N
SNEAK,N
SNEER,N
SNORE,N
SOB,N
SOMBER,N
SORE,N
SORENESS,N
SORROW,N
SORROWFUL,N
SORRY,N
SORRY,N
SORT,N
SOUR,N
SPANK,N
SPEAR,N
SPILL,N
SPINSTER,N
SPITE,N
SPITEFUL,N
SPLIT,N
SPOIL,N
SPOT,N
SPRAIN,N
SPUTTER,N
SQUANDER,N
STAB,N
STAGNANT,N
STAIN,N
STALE,N
STALEMATE,N
STAMMER,N
STAMP,N
STANDSTILL,N
STARK,N
STARTLE,N
STARVATION,N
STARVE,N
STATIC,N
STEAL,N
STEAL,N
STERN,N
STICK,N
STIFLE,N
STIGMA,N
STING,N
STINK,N
STOLE,N
STOLEN,N
STOLEN,N
STORM,N
STORMY,N
STRAGGLE,N
STRAGGLER,N
STRAIN,N
STRAIN,N
STRANGLE,N
STRAY,N
STRESS,N
STRESS,N
STRICKEN,N
STRICT,N
STRICT,N
STRICT,N
STRIFE,N
STRIKE,N
STRIKE,N
STRINGENT,N
STRUCK,N
STRUGGLE,N
STRUGGLE,N
STRUGGLE,N
STUBBORN,N
STUBBORNLY,N
STUBBORNNESS,N
STUDY,N
STUFFY,N
STUNT,N
STUPID,N
STUPID,N
STUPID,N
STUPIDITY,N
STUPOR,N
SUBJECTION,N
SUBJUGATE,N
SUBJUGATION,N
SUBMISSIVE,N
SUBSERVIENCE,N
SUBSIDE,N
SUBSTITUTION,N
SUBTRACT,N
SUBVERSION,N
SUBVERT,N
SUCCUMB,N
SUCKER,N
SUFFER,N
SUFFER,N
SUFFERER,N
SUFFOCATE,N
SULLEN,N
SUNDER,N
SUPERFICIAL,N
SUPERFICIALITY,N
SUPERFLUOUS,N
SUPERSTITION,N
SUPERSTITIOUS,N
SUPPRESS,N
SUPPRESSION,N
SUSCEPTIBLE,N
SUSPECT,N
SUSPECT,N
SUSPEND,N
SUSPENSION,N
SUSPICION,N
SUSPICIOUS,N
SWEAR,N
SWORE,N
SYMPTOM,N
TABOO,N
TAINT,N
TAMPER,N
TANTRUM,N
TARDY,N
TARIFF,N
TATTER,N
TAUNT,N
TAUNT,N
TAX,N
TEAR,N
TEAR,N
TEASE,N
TEDIOUS,N
TEMPER,N
TEMPER,N
TEMPEST,N
TEMPORARILY,N
TEMPTATION,N
TENSE,N
TENSION,N
TERRIBLE,N
TERRIFY,N
TERROR,N
TERRORISM,N
TERRORIZE,N
THEFT,N
THIEF,N
THIRST,N
THIRSTY,N
THORNY,N
THOUGHTLESS,N
THRASH,N
THREAT,N
THREATEN,N
THROW,N
THROW,N
THUD,N
THWART,N
TIMIDITY,N
TIRE,N
TIRE,N
TIRE,N
TIRED,N
TIRED,N
TIRED,N
TIRED,N
TIRESOME,N
TOIL,N
TOLERABLE,N
TOO,N
TOPPLE,N
TORMENT,N
TORRENT,N
TORTUROUS,N
TOUCHY,N
TRAGEDY,N
TRAGIC,N
TRAITOR,N
TRAMP,N
TRAMPLE,N
TRANSGRESS,N
TRAP,N
TRAP,N
TRAUMA,N
TRAUMATIC,N
TREACHEROUS,N
TREACHERY,N
TREASON,N
TREASONOUS,N
TRESPASS,N
TRICK,N
TRICK,N
TRIVIAL,N
TROUBLE,N
TROUBLE,N
TROUBLE,N
TROUBLE,N
TROUBLESOME,N
TRUANT,N
TRUDGE,N
TRY,N
TRY,N
TURBULENT,N
TURMOIL,N
TURN,N
TURN,N
TWITCH,N
TYRANNY,N
UGLY,N
ULTIMATUM,N
UNACCUSTOMED,N
UNARM,N
UNATTRACTIVE,N
UNAUTHENTIC,N
UNAVOIDABLE,N
UNBEARABLE,N
UNBELIEVABLE,N
UNCIVIL,N
UNCLEAN,N
UNCLEAR,N
UNCOMFORTABLE,N
UNCOUTH,N
UNDEPENDABILITY,N
UNDEPENDABLE,N
UNDERMINE,N
UNDERWORLD,N
UNDESIRABLE,N
UNDID,N
UNDIGNIFIED,N
UNDO,N
UNDONE,N
UNDUE,N
UNEASINESS,N
UNEASY,N
UNECONOMICAL,N
UNEMPLOYED,N
UNEQUAL,N
UNEVEN,N
UNEXPECTEDLY,N
UNFAIR,N
UNFAITHFUL,N
UNFAMILIAR,N
UNFAVORABLE,N
UNFEELING,N
UNFIT,N
UNFORESEEN,N
UNFORTUNATE,N
UNFORTUNATE,N
UNFORTUNATE,N
UNFRIENDLY,N
UNGRATEFUL,N
UNGUARDED,N
UNHAPPINESS,N
UNHAPPY,N
UNHEALTHY,N
UNIMPORTANT,N
UNINFORMED,N
UNJUST,N
UNJUSTIFIED,N
UNKIND,N
UNLAWFUL,N
UNLUCKY,N
UNMOVED,N
UNNATURAL,N
UNNECESSARY,N
UNNERVE,N
UNNOTICED,N
UNOBSERVED,N
UNPLEASANT,N
UNPOPULAR,N
UNPROFITABLE,N
UNQUALIFIED,N
UNREASONABLE,N
UNRELIABILITY,N
UNRELIABLE,N
UNREST,N
UNRULY,N
UNSAFE,N
UNSATISFACTORY,N
UNSCRUPULOUS,N
UNSEEN,N
UNSETTLING,N
UNSOUND,N
UNSPEAKABLE,N
UNSTABLE,N
UNSTEADINESS,N
UNSTEADY,N
UNSUCCESSFUL,N
UNTIMELY,N
UNTRAINED,N
UNTRUE,N
UNTRUSTWORTHY,N
UNTRUTH,N
UNWILLING,N
UNWILLINGNESS,N
UNWISE,N
UNWORTHY,N
UPHEAVAL,N
UPRISING,N
UPROAR,N
UPROOT,N
UPSET,N
UPSET,N
UPSET,N
UPSET,N
UPSET,N
USELESS,N
USURP,N
UTTERANCE,N
VAGABOND,N
VAGRANT,N
VAGUE,N
VAGUENESS,N
VAIN,N
VANISH,N
VANITY,N
VEHEMENT,N
VENGEANCE,N
VENOM,N
VENOMOUS,N
VETO,N
VEX,N
VEXATION,N
VEXING,N
VICE,N
VICIOUS,N
VIE,N
VILE,N
VILLAIN,N
VIOLATE,N
VIOLATION,N
VIOLENCE,N
VIOLENT,N
VIPER,N
VOID,N
VOLATILE,N
VOLATILITY,N
VOMIT,N
VULGAR,N
WAIL,N
WAIT,N
WALLOW,N
WANE,N
WANTON,N
WAR,N
WARFARE,N
WARLIKE,N
WARP,N
WARY,N
WASTE,N
WASTE,N
WASTEFUL,N
WASTEFULNESS,N
WAYWARD,N
WEAKEN,N
WEAR,N
WEARINESS,N
WEARISOME,N
WEE,N
WEED,N
WEEP,N
WEIRD,N
WENCH,N
WHACK,N
WHIMPER,N
WHINE,N
WHIP,N
WHIP,N
WHIP,N
WICKED,N
WICKEDNESS,N
WILD,N
WILD,N
WILD,N
WILD,N
WILT,N
WILY,N
WINCE,N
WITCHCRAFT,N
WITHHELD,N
WITHHOLD,N
WOE,N
WOEFUL,N
WORN,N
WORN,N
WORRIER,N
WORRY,N
WORRY,N
WORRY,N
WORRY,N
WORRY,N
WORSE,N
WORSEN,N
WORST,N
WORTHLESS,N
WOUND,N
WOUND,N
WOUND,N
WRATH,N
WRECK,N
WRESTLE,N
WRETCH,N
WRETCHEDNESS,N
WRINKLE,N
WRITHE,N
WRONG,N
WRONG,N
WRONGFUL,N
WROUGHT,N
YAWN,N
YEARN,N
YELP,N
